Model,TargetRealParameters,ActualRealParameters,SelectedLambda,InternalValidationNMSEdB,IdentificationNMSEdB,FullSignalNMSEdB,FLOPsPerSample,ActiveWeights,ActiveBiases,WeightSparsityPercent,FineTuneEpochs,MaxAbsRealParameter
Complex GMP-DOMP,20,20,0,NaN,-33.1344284086955,-33.2518869277766,97,20,0,NaN,NaN,3.72068218151477
Complex GMP-DOMP,30,30,0,NaN,-35.4231723530751,-35.5247853650422,150,30,0,NaN,NaN,8.14436829486405
Complex GMP-DOMP,40,40,0,NaN,-36.1526663279058,-36.2672848506692,209,40,0,NaN,NaN,16.3510668934896
Complex GMP-DOMP,50,50,0,NaN,-36.8426268503463,-36.9071890336503,257,50,0,NaN,NaN,30.8090496578023
Complex GMP-DOMP,60,60,0,NaN,-37.6721761296793,-37.7290396502286,305,60,0,NaN,NaN,78627.04634669
Complex GMP-DOMP,70,70,0,NaN,-38.0301367172887,-38.0751042163949,362,70,0,NaN,NaN,79232.5216470405
Complex GMP-DOMP,80,80,0,NaN,-38.2086243503376,-38.242977512104,417,80,0,NaN,NaN,78842.4279931978
Complex GMP-DOMP,90,90,0,NaN,-38.2715759847869,-38.3078986322649,476,90,0,NaN,NaN,78999.0320985398
Complex GMP-DOMP,100,100,0,NaN,-38.341102015584,-38.3636352628559,526,100,0,NaN,NaN,78834.6899629364
Complex GMP-DOMP,110,110,0,NaN,-38.3814646025087,-38.4010261891761,583,110,0,NaN,NaN,78645.5606598454
Complex GMP-DOMP,120,120,0,NaN,-38.4528929313433,-38.4730794015159,643,120,0,NaN,NaN,78920.1480939896
Complex GMP-DOMP,130,130,0,NaN,-38.4874882195735,-38.5069529636035,695,130,0,NaN,NaN,79127.2350778799
Complex GMP-DOMP,140,140,0,NaN,-38.509197080125,-38.5223350809863,752,140,0,NaN,NaN,79055.2126112941
Complex GMP-DOMP,150,150,0,NaN,-38.5521110720839,-38.5588512751996,802,150,0,NaN,NaN,79253.1545519503
Complex GMP-DOMP,160,160,0,NaN,-38.7033430516185,-38.6942690433577,852,160,0,NaN,NaN,79230.8643539226
Complex GMP-DOMP,170,170,0,NaN,-38.7416552501737,-38.7373011215489,909,170,0,NaN,NaN,79151.9900974986
Complex GMP-DOMP,180,180,0,NaN,-38.7800252327408,-38.7764286077733,959,180,0,NaN,NaN,79166.3748337992
Complex GMP-DOMP,190,190,0,NaN,-38.7884565007978,-38.7827726399046,1025,190,0,NaN,NaN,79226.5070333498
Complex GMP-DOMP,200,200,0,NaN,-38.8006983811327,-38.7931485261878,1079,200,0,NaN,NaN,79198.3888194032
Complex GMP-DOMP,210,210,0,NaN,-38.8151706969404,-38.8108054322903,1131,210,0,NaN,NaN,79233.8026015699
Complex GMP-DOMP,220,220,0,NaN,-38.8233373689475,-38.8135458706434,1190,220,0,NaN,NaN,79275.364373842
Complex GMP-DOMP,230,230,0,NaN,-38.8424131207718,-38.8334338736309,1240,230,0,NaN,NaN,79381.2718580912
Complex GMP-DOMP,240,240,0,NaN,-38.8506839547402,-38.8382840830422,1290,240,0,NaN,NaN,79356.2187009304
Complex GMP-DOMP,250,250,0,NaN,-38.8593584321641,-38.8441821724458,1342,250,0,NaN,NaN,79401.6885727049
Complex GMP-DOMP,260,260,0,NaN,-38.8658848220411,-38.8496841320657,1392,260,0,NaN,NaN,79446.0794056
Complex GMP-DOMP,270,270,0,NaN,-38.8737831820924,-38.8527843201359,1442,270,0,NaN,NaN,79404.9557512727
Complex GMP-DOMP,280,280,0,NaN,-38.8788390143839,-38.8531706631908,1493,280,0,NaN,NaN,79339.9883665504
Complex GMP-DOMP,290,290,0,NaN,-38.8840803473944,-38.8573645528277,1543,290,0,NaN,NaN,79312.5789553657
Complex GMP-DOMP,300,300,0,NaN,-38.8887284463151,-38.8612113998828,1593,300,0,NaN,NaN,79303.3177115042
Complex GMP-DOMP,310,310,0,NaN,-38.8932079425586,-38.8621701196428,1643,310,0,NaN,NaN,79346.7784392161
Complex GMP-DOMP,320,320,0,NaN,-38.8971693884989,-38.8621776799216,1700,320,0,NaN,NaN,79344.4614146656
Complex GMP-DOMP,330,330,0,NaN,-38.8998677104303,-38.8612491364329,1752,330,0,NaN,NaN,79328.6607792245
Complex GMP-DOMP,340,340,0,NaN,-38.9034412506073,-38.8599830566613,1807,340,0,NaN,NaN,79324.6642159769
Complex GMP-DOMP,350,350,0,NaN,-38.9069084406227,-38.8616051969194,1862,350,0,NaN,NaN,79325.2567102445
Complex GMP-DOMP,360,360,0,NaN,-38.9096991684238,-38.8627562443067,1912,360,0,NaN,NaN,79323.0356164449
Complex GMP-DOMP,370,370,0,NaN,-38.9184476110274,-38.8691986025997,1962,370,0,NaN,NaN,79306.5266598638
Complex GMP-DOMP,380,380,0,NaN,-38.9202896435073,-38.8704871959254,2016,380,0,NaN,NaN,79281.2469529435
Complex GMP-DOMP,390,390,0,NaN,-38.9221839382847,-38.870220098381,2066,390,0,NaN,NaN,79308.1188816895
Complex GMP-DOMP,400,400,0,NaN,-38.9241826168713,-38.8711969772344,2120,400,0,NaN,NaN,79310.7957456352
Complex GMP-DOMP,410,410,0,NaN,-38.9278626993605,-38.870427556825,2172,410,0,NaN,NaN,79343.0946624807
Complex GMP-DOMP,420,420,0,NaN,-38.9316029333597,-38.8691267318748,2225,420,0,NaN,NaN,79314.0008825841
Complex GMP-DOMP,430,430,0,NaN,-38.9371620799917,-38.864975230288,2275,430,0,NaN,NaN,79327.2645175103
Complex GMP-DOMP,440,440,0,NaN,-38.9396162997881,-38.8640663636758,2325,440,0,NaN,NaN,79318.1062310431
Complex GMP-DOMP,450,450,0,NaN,-38.9414897175072,-38.8642530843904,2375,450,0,NaN,NaN,79311.3587316762
Complex GMP-DOMP,460,460,0,NaN,-38.9430836728565,-38.8654021462009,2425,460,0,NaN,NaN,79296.7230131985
Complex GMP-DOMP,470,470,0,NaN,-38.9443876175186,-38.8649474541819,2476,470,0,NaN,NaN,79305.0397640996
Complex GMP-DOMP,480,480,0,NaN,-38.9470999948688,-38.8667601370642,2526,480,0,NaN,NaN,79266.7190582313
Complex GMP-DOMP,490,490,0,NaN,-38.9488438651505,-38.8677459571431,2576,490,0,NaN,NaN,79292.4526784507
Complex GMP-DOMP,500,500,0,NaN,-38.9522045526067,-38.8652828824911,2627,500,0,NaN,NaN,79282.8985429691
PN-IQ-GMP,20,20,0,NaN,-31.0016604807312,-31.0329954544744,87,20,0,NaN,NaN,3.20862111793286
PN-IQ-GMP,30,30,0,NaN,-34.2239533576469,-34.2960954988442,111,30,0,NaN,NaN,2.52650286250509
PN-IQ-GMP,40,40,0,NaN,-36.2990401680182,-36.3550320872778,143,40,0,NaN,NaN,5.32004710769302
PN-IQ-GMP,50,50,0,NaN,-37.5665097614348,-37.6054557827275,175,50,0,NaN,NaN,16.1859184587503
PN-IQ-GMP,60,60,0,NaN,-38.2306994417824,-38.2736374443467,223,60,0,NaN,NaN,16.505679755517
PN-IQ-GMP,70,70,0,NaN,-38.7161073047481,-38.7316127615326,269,70,0,NaN,NaN,30.8899308804551
PN-IQ-GMP,80,80,0,NaN,-39.4867744784329,-39.5159178159022,295,80,0,NaN,NaN,75354.8867692063
PN-IQ-GMP,90,90,0,NaN,-40.1741979872676,-40.1942356211099,317,90,0,NaN,NaN,74857.2746973058
PN-IQ-GMP,100,100,0,NaN,-40.6055607229422,-40.6126969840739,345,100,0,NaN,NaN,74832.4588213394
PN-IQ-GMP,110,110,0,NaN,-40.8859644342703,-40.8888545038242,382,110,0,NaN,NaN,75088.7888516736
PN-IQ-GMP,120,120,0,NaN,-41.1377219588721,-41.1544855478761,412,120,0,NaN,NaN,75464.4096789326
PN-IQ-GMP,130,130,0,NaN,-41.2600370613529,-41.2726773231681,443,130,0,NaN,NaN,75920.5441772826
PN-IQ-GMP,140,140,0,NaN,-41.3888931708665,-41.3999465767678,487,140,0,NaN,NaN,76398.0459167654
PN-IQ-GMP,150,150,0,NaN,-41.5388572495389,-41.5311446740496,517,150,0,NaN,NaN,76308.7066214413
PN-IQ-GMP,160,160,0,NaN,-41.6025975679931,-41.6112444949142,545,160,0,NaN,NaN,76208.8341827893
PN-IQ-GMP,170,170,0,NaN,-41.6602371809747,-41.667952864108,579,170,0,NaN,NaN,75916.1709479702
PN-IQ-GMP,180,180,0,NaN,-41.7020379413533,-41.7036982053141,608,180,0,NaN,NaN,75707.2758128724
PN-IQ-GMP,190,190,0,NaN,-42.1522189491553,-42.1510419910368,635,190,0,NaN,NaN,75103.8765733145
PN-IQ-GMP,200,200,0,NaN,-42.2041968202212,-42.1980846043842,663,200,0,NaN,NaN,75027.5412648278
PN-IQ-GMP,210,210,0,NaN,-42.3569503224931,-42.3354550913723,703,210,0,NaN,NaN,75111.4982998692
PN-IQ-GMP,220,220,0,NaN,-42.4022937096699,-42.3736552358251,731,220,0,NaN,NaN,74933.676155295
PN-IQ-GMP,230,230,0,NaN,-42.4689869993886,-42.4499196243539,758,230,0,NaN,NaN,75033.0127148224
PN-IQ-GMP,240,240,0,NaN,-42.4975898130754,-42.4723272279605,790,240,0,NaN,NaN,75017.7328665492
PN-IQ-GMP,250,250,0,NaN,-42.5293086663232,-42.5024896236359,825,250,0,NaN,NaN,75125.1136258856
PN-IQ-GMP,260,260,0,NaN,-42.5705500895946,-42.5412479442867,853,260,0,NaN,NaN,75019.6424694552
PN-IQ-GMP,270,270,0,NaN,-42.5945137364198,-42.5566343135847,879,270,0,NaN,NaN,75062.7507128954
PN-IQ-GMP,280,280,0,NaN,-42.6198058141463,-42.5796725343465,909,280,0,NaN,NaN,75093.0375790844
PN-IQ-GMP,290,290,0,NaN,-42.6367327835289,-42.5980829672839,933,290,0,NaN,NaN,75104.0014437928
PN-IQ-GMP,300,300,0,NaN,-42.6775827823059,-42.639016997711,966,300,0,NaN,NaN,74972.3696326753
PN-IQ-GMP,310,310,0,NaN,-42.6943407946227,-42.6466847575031,1003,310,0,NaN,NaN,75158.4728222183
PN-IQ-GMP,320,320,0,NaN,-42.7288211433911,-42.6832747963357,1038,320,0,NaN,NaN,75198.0108836354
PN-IQ-GMP,330,330,0,NaN,-42.7615370185657,-42.7139008911574,1065,330,0,NaN,NaN,75211.1123977327
PN-IQ-GMP,340,340,0,NaN,-42.7930686578405,-42.7401715398804,1095,340,0,NaN,NaN,75139.295868036
PN-IQ-GMP,350,350,0,NaN,-42.8226183139843,-42.7681612806832,1121,350,0,NaN,NaN,75110.2063024463
PN-IQ-GMP,360,360,0,NaN,-42.8353471348672,-42.7760440549649,1150,360,0,NaN,NaN,75093.4103785876
PN-IQ-GMP,370,370,0,NaN,-42.8647464600632,-42.798378851681,1180,370,0,NaN,NaN,75139.1603866737
PN-IQ-GMP,380,380,0,NaN,-42.8886921728345,-42.8211305438992,1211,380,0,NaN,NaN,75037.4204780714
PN-IQ-GMP,390,390,0,NaN,-42.9215039479634,-42.8499124836498,1241,390,0,NaN,NaN,74972.2935972295
PN-IQ-GMP,400,400,0,NaN,-42.9930378478466,-42.9174693437888,1271,400,0,NaN,NaN,74719.5199098047
PN-IQ-GMP,410,410,0,NaN,-43.0015714055637,-42.9233312211071,1302,410,0,NaN,NaN,74760.3241098994
PN-IQ-GMP,420,420,0,NaN,-43.0106809738711,-42.9275088664417,1332,420,0,NaN,NaN,74695.306696241
PN-IQ-GMP,430,430,0,NaN,-43.018458795508,-42.9293524400593,1364,430,0,NaN,NaN,74668.8457683153
PN-IQ-GMP,440,440,0,NaN,-43.0262183303106,-42.9353995736816,1386,440,0,NaN,NaN,74566.1622359689
PN-IQ-GMP,450,450,0,NaN,-43.0390721902577,-42.9416987572727,1408,450,0,NaN,NaN,74593.3474476538
PN-IQ-GMP,460,460,0,NaN,-43.0528627731502,-42.9508494951542,1434,460,0,NaN,NaN,74570.6012808368
PN-IQ-GMP,470,470,0,NaN,-43.062041301182,-42.9560413154921,1464,470,0,NaN,NaN,74573.695184742
PN-IQ-GMP,480,480,0,NaN,-43.0751226561799,-42.9668430799003,1490,480,0,NaN,NaN,74626.7952180985
PN-IQ-GMP,490,490,0,NaN,-43.1284982176093,-43.0240550305181,1510,490,0,NaN,NaN,74891.3995006085
PN-IQ-GMP,500,500,0,NaN,-43.1724964497525,-43.0643690287383,1536,500,0,NaN,NaN,75043.3121008913
PNNN,20,20,NaN,NaN,-6.95773921015104,-6.94737083354969,200,6,14,99.4186046511628,164,2.29033255577087
PNNN,30,30,NaN,NaN,-16.4554808395297,-16.4391426406681,220,16,14,98.4496124031008,164,2.55497813224792
PNNN,40,40,NaN,NaN,-22.9113335504051,-22.8773653529809,240,26,14,97.4806201550388,164,2.25278568267822
PNNN,50,50,NaN,NaN,-25.191639155845,-25.172962899509,260,36,14,96.5116279069767,164,2.73907947540283
PNNN,60,60,NaN,NaN,-25.4702684801488,-25.4607903726737,280,46,14,95.5426356589147,164,2.41290402412415
PNNN,70,70,NaN,NaN,-25.5932712176805,-25.5875620672194,300,56,14,94.5736434108527,164,2.2131130695343
PNNN,80,80,NaN,NaN,-27.8331047282724,-27.8111100377968,320,66,14,93.6046511627907,164,2.13895487785339
PNNN,90,90,NaN,NaN,-28.7432045242173,-28.7114743574729,340,76,14,92.6356589147287,164,2.1096932888031
PNNN,100,100,NaN,NaN,-32.3779413419217,-32.3789951714908,360,86,14,91.6666666666667,164,2.18072080612183
PNNN,110,110,NaN,NaN,-33.2638812183754,-33.2595762925261,380,96,14,90.6976744186046,164,2.2049880027771
PNNN,120,120,NaN,NaN,-33.5766416191856,-33.5885178139391,400,106,14,89.7286821705426,164,2.14668583869934
PNNN,130,130,NaN,NaN,-33.7999649810807,-33.8267661590344,420,116,14,88.7596899224806,164,2.10422706604004
PNNN,140,140,NaN,NaN,-33.965134948394,-34.0045085778999,440,126,14,87.7906976744186,164,2.0374219417572
PNNN,150,150,NaN,NaN,-34.0267301470829,-34.0640350814755,460,136,14,86.8217054263566,164,2.03890776634216
PNNN,160,160,NaN,NaN,-34.1584910601185,-34.2090714094562,480,146,14,85.8527131782946,164,1.98927903175354
PNNN,170,170,NaN,NaN,-34.6611364227004,-34.7091662029687,500,156,14,84.8837209302326,164,2.18123364448547
PNNN,180,180,NaN,NaN,-36.7184642891563,-36.7412632416498,520,166,14,83.9147286821705,164,2.12062072753906
PNNN,190,190,NaN,NaN,-36.7044265960111,-36.7335785085649,540,176,14,82.9457364341085,164,2.10844969749451
PNNN,200,200,NaN,NaN,-36.8608563500436,-36.9016869633439,560,186,14,81.9767441860465,164,2.0960373878479
PNNN,210,210,NaN,NaN,-37.2147459897003,-37.244532868377,580,196,14,81.0077519379845,164,2.03813099861145
PNNN,220,220,NaN,NaN,-37.4230409815374,-37.4445405375155,600,206,14,80.0387596899225,164,2.01255774497986
PNNN,230,230,NaN,NaN,-37.8312544210579,-37.8558926363682,620,216,14,79.0697674418605,164,2.10794019699097
PNNN,240,240,NaN,NaN,-38.1152003015003,-38.1381696999383,640,226,14,78.1007751937985,164,2.13458681106567
PNNN,250,250,NaN,NaN,-38.1448295714294,-38.1680781252401,660,236,14,77.1317829457364,164,2.13820362091064
PNNN,260,260,NaN,NaN,-38.180569208705,-38.1998422327814,680,246,14,76.1627906976744,164,2.16180205345154
PNNN,270,270,NaN,NaN,-38.5298054269916,-38.5508387141859,700,256,14,75.1937984496124,164,2.18110299110413
PNNN,280,280,NaN,NaN,-38.5851903034891,-38.5998285734153,720,266,14,74.2248062015504,164,2.18938016891479
PNNN,290,290,NaN,NaN,-38.6064899805779,-38.6117816029131,740,276,14,73.2558139534884,164,2.20237731933594
PNNN,300,300,NaN,NaN,-38.9589102868695,-38.9510795858277,760,286,14,72.2868217054264,164,2.20270943641663
PNNN,310,310,NaN,NaN,-39.0085744116743,-38.9817640665313,780,296,14,71.3178294573643,164,2.17962551116943
PNNN,320,320,NaN,NaN,-39.0545338863635,-39.0242575336972,800,306,14,70.3488372093023,164,2.18113231658936
PNNN,330,330,NaN,NaN,-39.267724392509,-39.2224030530554,820,316,14,69.3798449612403,164,2.16345810890198
PNNN,340,340,NaN,NaN,-39.2934083393179,-39.2429635431325,840,326,14,68.4108527131783,164,2.17243194580078
PNNN,350,350,NaN,NaN,-39.2785045082837,-39.2407849164101,860,336,14,67.4418604651163,164,2.15987253189087
PNNN,360,360,NaN,NaN,-39.322326626183,-39.2880226730368,880,346,14,66.4728682170543,164,2.15579438209534
PNNN,370,370,NaN,NaN,-39.3169472438093,-39.2841817417412,900,356,14,65.5038759689922,164,2.15677881240845
PNNN,380,380,NaN,NaN,-39.3534526587763,-39.3173687395023,920,366,14,64.5348837209302,164,2.14478874206543
PNNN,390,390,NaN,NaN,-39.3441507184185,-39.3033464616168,940,376,14,63.5658914728682,164,2.14483666419983
PNNN,400,400,NaN,NaN,-39.3348729149834,-39.2947434169106,960,386,14,62.5968992248062,164,2.142582654953
PNNN,410,410,NaN,NaN,-39.325972725931,-39.2921774902223,980,396,14,61.6279069767442,164,2.13983416557312
PNNN,420,420,NaN,NaN,-39.3173139649485,-39.283544487577,1000,406,14,60.6589147286822,164,2.13174605369568
PNNN,430,430,NaN,NaN,-39.3546514154324,-39.3201411749832,1020,416,14,59.6899224806202,164,2.13274478912354
PNNN,440,440,NaN,NaN,-39.3477522614931,-39.3171853898493,1040,426,14,58.7209302325581,164,2.14347624778748
PNNN,450,450,NaN,NaN,-39.338210128869,-39.3078563979496,1060,436,14,57.7519379844961,164,2.14109134674072
PNNN,460,460,NaN,NaN,-39.3660956640491,-39.3369807974355,1080,446,14,56.7829457364341,164,2.14014911651611
PNNN,470,470,NaN,NaN,-39.4186471947185,-39.3940516524108,1100,456,14,55.8139534883721,164,2.13872623443604
PNNN,480,480,NaN,NaN,-39.4520906026803,-39.4237511007717,1120,466,14,54.8449612403101,164,2.14108395576477
PNNN,490,490,NaN,NaN,-39.462143364215,-39.4342368920181,1140,476,14,53.8759689922481,164,2.13936376571655
PNNN,500,500,NaN,NaN,-39.4571594081825,-39.4307024304367,1160,486,14,52.906976744186,164,2.14356327056885
