Model,TargetRealParameters,ActualRealParameters,FixedLambda,IdentificationNMSEdB,FullSignalNMSEdB,FLOPsPerSample,MaxAbsRealParameter
Complex GMP-DOMP,20,20,0.001,-33.1343357141827,-33.2516121718879,97,3.6984645828014
Complex GMP-DOMP,20,20,0.0001,-33.1344274708064,-33.251867971925,97,3.71844734128339
Complex GMP-DOMP,20,20,1e-05,-33.1344283993056,-33.251885118507,97,3.72045856581916
Complex GMP-DOMP,30,30,0.001,-35.4009480467467,-35.4975445622945,150,6.66992914381501
Complex GMP-DOMP,30,30,0.0001,-35.422849298191,-35.5239418499117,150,7.96666056126093
Complex GMP-DOMP,30,30,1e-05,-35.4231689863032,-35.5247299642111,150,8.12622539489938
Complex GMP-DOMP,40,40,0.001,-36.0629599208288,-36.179459753802,209,3.610881750792
Complex GMP-DOMP,40,40,0.0001,-36.1317851510613,-36.2482680184881,209,9.69967921848675
Complex GMP-DOMP,40,40,1e-05,-36.1520826529263,-36.2671252268775,209,15.2294820063828
Complex GMP-DOMP,50,50,0.001,-36.6436416304215,-36.7150505277558,257,3.57708465124293
Complex GMP-DOMP,50,50,0.0001,-36.7525577485488,-36.8255539342208,257,9.56316275227457
Complex GMP-DOMP,50,50,1e-05,-36.8344831977371,-36.9023017076653,257,23.046750043203
Complex GMP-DOMP,60,60,0.001,-36.8333086266984,-36.8953013054509,305,3.69249317483962
Complex GMP-DOMP,60,60,0.0001,-36.9516143336268,-37.0160892537805,305,9.29788444413773
Complex GMP-DOMP,60,60,1e-05,-37.043584809912,-37.1083803373894,305,26.1762771555056
Complex GMP-DOMP,70,70,0.001,-37.129991444338,-37.1856856995676,362,3.16277749601981
Complex GMP-DOMP,70,70,0.0001,-37.2373628537615,-37.2931433439393,362,6.91475285343447
Complex GMP-DOMP,70,70,1e-05,-37.3391809042801,-37.3956875915218,362,26.1259390723239
Complex GMP-DOMP,80,80,0.001,-37.2528215763321,-37.3038455780704,417,3.28713410294541
Complex GMP-DOMP,80,80,0.0001,-37.3603138718352,-37.4087262498456,417,6.90595767463555
Complex GMP-DOMP,80,80,1e-05,-37.4869099514537,-37.5306451333224,417,26.063562641227
Complex GMP-DOMP,90,90,0.001,-37.3252466358093,-37.3734118275207,476,2.67020041443821
Complex GMP-DOMP,90,90,0.0001,-37.4207000744379,-37.4681123767381,476,6.92622850585233
Complex GMP-DOMP,90,90,1e-05,-37.5414199040355,-37.5858721020266,476,26.0855259411894
Complex GMP-DOMP,100,100,0.001,-37.3723001646972,-37.4127616244544,526,2.45517823941272
Complex GMP-DOMP,100,100,0.0001,-37.480437249299,-37.517221827146,526,6.93799308048618
Complex GMP-DOMP,100,100,1e-05,-37.6005083132877,-37.6342981450039,526,26.1360030116571
Complex GMP-DOMP,110,110,0.001,-37.4085692618899,-37.4535050201378,583,2.55362699909179
Complex GMP-DOMP,110,110,0.0001,-37.5316466581528,-37.5713558756122,583,6.96432044090461
Complex GMP-DOMP,110,110,1e-05,-37.6363808235381,-37.6722954636993,583,26.1448401522255
Complex GMP-DOMP,120,120,0.001,-37.4614189690842,-37.5091499194045,643,2.37168198932067
Complex GMP-DOMP,120,120,0.0001,-37.5868926328299,-37.6300047198663,643,6.94648762583106
Complex GMP-DOMP,120,120,1e-05,-37.6930551225518,-37.7328176665409,643,26.1403501736544
Complex GMP-DOMP,130,130,0.001,-37.4814509229721,-37.5266774265893,695,2.30366080997897
Complex GMP-DOMP,130,130,0.0001,-37.6179771300477,-37.6598279563053,695,6.94761351095107
Complex GMP-DOMP,130,130,1e-05,-37.7218781924179,-37.7603265731856,695,26.1571278475478
Complex GMP-DOMP,140,140,0.001,-37.501550380827,-37.5421151007504,752,2.27267875993972
Complex GMP-DOMP,140,140,0.0001,-37.6361199814077,-37.67432939261,752,6.95720651410586
Complex GMP-DOMP,140,140,1e-05,-37.7395020097168,-37.7740993705542,752,26.1987808099029
Complex GMP-DOMP,150,150,0.001,-37.519975863543,-37.5560356985591,802,2.23071456412644
Complex GMP-DOMP,150,150,0.0001,-37.6639227451509,-37.6980096429495,802,6.96405712046467
Complex GMP-DOMP,150,150,1e-05,-37.7751860900234,-37.8043601880729,802,26.1862237065525
Complex GMP-DOMP,160,160,0.001,-37.5540730255506,-37.588168817581,852,2.20765021642491
Complex GMP-DOMP,160,160,0.0001,-37.763363231963,-37.7886213063116,852,8.19357061134108
Complex GMP-DOMP,160,160,1e-05,-37.9005838745213,-37.9155469486414,852,25.9749863226888
Complex GMP-DOMP,170,170,0.001,-37.570305263867,-37.6005416477419,909,2.11781374336373
Complex GMP-DOMP,170,170,0.0001,-37.780687470463,-37.8048997681979,909,7.40385199877338
Complex GMP-DOMP,170,170,1e-05,-37.9339339624626,-37.9501259473504,909,25.9110175484772
Complex GMP-DOMP,180,180,0.001,-37.5740884671809,-37.603863928076,959,2.12426252461148
Complex GMP-DOMP,180,180,0.0001,-37.7926572103876,-37.8178844995624,959,6.87268342786558
Complex GMP-DOMP,180,180,1e-05,-37.9567391421683,-37.9736094920887,959,25.9247710378994
Complex GMP-DOMP,190,190,0.001,-37.5795029807795,-37.6089088867382,1025,2.12012403293086
Complex GMP-DOMP,190,190,0.0001,-37.7978523239365,-37.8223081517323,1025,6.87292516074111
Complex GMP-DOMP,190,190,1e-05,-37.9613859518137,-37.9767531170961,1025,25.9239239903686
Complex GMP-DOMP,200,200,0.001,-37.5878387293678,-37.6172448963893,1079,2.09055236881473
Complex GMP-DOMP,200,200,0.0001,-37.8221405288441,-37.8447844121635,1079,6.81632845094308
Complex GMP-DOMP,200,200,1e-05,-37.9751565658148,-37.9893522278562,1079,25.9115978409626
Complex GMP-DOMP,210,210,0.001,-37.5999917338868,-37.6320016791017,1131,2.10821591916325
Complex GMP-DOMP,210,210,0.0001,-37.8252748171206,-37.8501481131436,1131,6.84495787421148
Complex GMP-DOMP,210,210,1e-05,-37.9827882165634,-37.9989696427174,1131,25.9074497020117
Complex GMP-DOMP,220,220,0.001,-37.6086525492213,-37.6378650196241,1190,2.11171834703081
Complex GMP-DOMP,220,220,0.0001,-37.8320978122244,-37.8532198198447,1190,6.82955659186072
Complex GMP-DOMP,220,220,1e-05,-37.9897733093779,-38.0017898453996,1190,25.8816704599796
Complex GMP-DOMP,230,230,0.001,-37.6223339230676,-37.6531357172595,1240,2.14599613256384
Complex GMP-DOMP,230,230,0.0001,-37.8505212555146,-37.8719525883937,1240,6.79538518550645
Complex GMP-DOMP,230,230,1e-05,-37.9943233052505,-38.007554123099,1240,25.8462134366551
Complex GMP-DOMP,240,240,0.001,-37.6333631988705,-37.6621727076856,1290,2.29031278779573
Complex GMP-DOMP,240,240,0.0001,-37.8650307069626,-37.8825235281832,1290,6.80092615897949
Complex GMP-DOMP,240,240,1e-05,-38.0068717195234,-38.0163062771908,1290,25.8053230030302
Complex GMP-DOMP,250,250,0.001,-37.641797453104,-37.6694121097876,1342,2.27836944042118
Complex GMP-DOMP,250,250,0.0001,-37.869570367881,-37.8863596582766,1342,6.78287664004601
Complex GMP-DOMP,250,250,1e-05,-38.0118879909905,-38.020109890173,1342,25.7293507457555
Complex GMP-DOMP,260,260,0.001,-37.6560640945196,-37.6825731232322,1392,2.10174027591402
Complex GMP-DOMP,260,260,0.0001,-37.8845246927482,-37.8989981196324,1392,6.76062526909015
Complex GMP-DOMP,260,260,1e-05,-38.0185198927018,-38.0250188638654,1392,25.7828309684712
Complex GMP-DOMP,270,270,0.001,-37.6606185231982,-37.6855086425702,1442,2.10011282900416
Complex GMP-DOMP,270,270,0.0001,-37.8918705130073,-37.9032559309304,1442,6.75453318411649
Complex GMP-DOMP,270,270,1e-05,-38.0257739936278,-38.0294080934648,1442,25.7807151362189
Complex GMP-DOMP,280,280,0.001,-37.6654990628519,-37.6866785764915,1493,2.09811076587744
Complex GMP-DOMP,280,280,0.0001,-37.8965336604939,-37.9035834801977,1493,6.75294399462276
Complex GMP-DOMP,280,280,1e-05,-38.0304625280446,-38.0294026456722,1493,25.7780336216217
Complex GMP-DOMP,290,290,0.001,-37.6720608361627,-37.6895873219953,1543,2.09949681281911
Complex GMP-DOMP,290,290,0.0001,-37.9013051108574,-37.9056333016514,1543,6.7500817176427
Complex GMP-DOMP,290,290,1e-05,-38.0338489650321,-38.0309230102471,1543,25.7619999751491
Complex GMP-DOMP,300,300,0.001,-37.6744792137146,-37.6905137747241,1593,2.10082209166475
Complex GMP-DOMP,300,300,0.0001,-37.9030480345585,-37.9063196406451,1593,6.74913716051351
Complex GMP-DOMP,300,300,1e-05,-38.0366830255277,-38.0333100454915,1593,25.7626036364257
Complex GMP-DOMP,310,310,0.001,-37.6770535770444,-37.6909341553697,1643,2.1016754761003
Complex GMP-DOMP,310,310,0.0001,-37.9068669986238,-37.9076856579021,1643,6.75309522739948
Complex GMP-DOMP,310,310,1e-05,-38.0411669167771,-38.0349725796677,1643,25.7655624108836
Complex GMP-DOMP,320,320,0.001,-37.6784729366518,-37.6912854949895,1700,2.1009711391476
Complex GMP-DOMP,320,320,0.0001,-37.9087843454012,-37.9077821689047,1700,6.75393948511137
Complex GMP-DOMP,320,320,1e-05,-38.0438867803512,-38.0351650807804,1700,25.7732288427839
Complex GMP-DOMP,330,330,0.001,-37.6845949132051,-37.6961193715819,1752,2.09939471273267
Complex GMP-DOMP,330,330,0.0001,-37.9110513149593,-37.9083215309216,1752,6.74945506551083
Complex GMP-DOMP,330,330,1e-05,-38.0461772292884,-38.0349747385857,1752,25.7661970044353
Complex GMP-DOMP,340,340,0.001,-37.6862034701109,-37.6956442867436,1807,2.09875905375139
Complex GMP-DOMP,340,340,0.0001,-37.9130600503092,-37.9072898033849,1807,6.74603169974849
Complex GMP-DOMP,340,340,1e-05,-38.0489421723782,-38.0340348162101,1807,25.7537622654397
Complex GMP-DOMP,350,350,0.001,-37.6894632307118,-37.696835869057,1862,2.09981342422928
Complex GMP-DOMP,350,350,0.0001,-37.9164725501724,-37.907885531969,1862,6.74588431659383
Complex GMP-DOMP,350,350,1e-05,-38.0520178302074,-38.0346618961567,1862,25.7503571280608
Complex GMP-DOMP,360,360,0.001,-37.6899505788413,-37.696699398145,1912,2.09970792946183
Complex GMP-DOMP,360,360,0.0001,-37.9174199510799,-37.9084541731251,1912,6.74726096196041
Complex GMP-DOMP,360,360,1e-05,-38.0541879962024,-38.0362077763465,1912,25.7559448374997
Complex GMP-DOMP,370,370,0.001,-37.6920756437571,-37.6976520510756,1962,2.10011363100012
Complex GMP-DOMP,370,370,0.0001,-37.9182858674365,-37.9080834804786,1962,6.74702668050342
Complex GMP-DOMP,370,370,1e-05,-38.0555702878788,-38.0365364046148,1962,25.7587503737045
Complex GMP-DOMP,380,380,0.001,-37.694329308415,-37.7001822497479,2016,2.09609272734976
Complex GMP-DOMP,380,380,0.0001,-37.9197509059885,-37.9095555313604,2016,6.74672556175791
Complex GMP-DOMP,380,380,1e-05,-38.0567293474205,-38.0375509482777,2016,25.7564682436164
Complex GMP-DOMP,390,390,0.001,-37.6957633754889,-37.7007025096753,2066,2.09683476194566
Complex GMP-DOMP,390,390,0.0001,-37.9208038057112,-37.9097746662848,2066,6.74699237450602
Complex GMP-DOMP,390,390,1e-05,-38.0579389407837,-38.0381285892023,2066,25.7577671094189
Complex GMP-DOMP,400,400,0.001,-37.6968926717867,-37.7009829589631,2120,2.09757802368532
Complex GMP-DOMP,400,400,0.0001,-37.9219330780635,-37.9101287908954,2120,6.74435410316382
Complex GMP-DOMP,400,400,1e-05,-38.0590052306505,-38.0383444066649,2120,25.7551248542873
Complex GMP-DOMP,410,410,0.001,-37.6984151776084,-37.69946513514,2172,2.09799783528924
Complex GMP-DOMP,410,410,0.0001,-37.9244405161464,-37.9088395497769,2172,6.74518209928494
Complex GMP-DOMP,410,410,1e-05,-38.0619082002374,-38.0369558321244,2172,25.7512660442256
Complex GMP-DOMP,420,420,0.001,-37.7061389016297,-37.7052796081948,2225,2.10343564226007
Complex GMP-DOMP,420,420,0.0001,-37.9290047523052,-37.9112247961522,2225,6.77524161406155
Complex GMP-DOMP,420,420,1e-05,-38.065232490884,-38.0375270732583,2225,25.7775352388077
Complex GMP-DOMP,430,430,0.001,-37.7075268179693,-37.7057349146674,2275,2.09982522948917
Complex GMP-DOMP,430,430,0.0001,-37.9296761695249,-37.9115987673175,2275,6.76752673291214
Complex GMP-DOMP,430,430,1e-05,-38.0676610400707,-38.0375413550332,2275,25.7755736766638
Complex GMP-DOMP,440,440,0.001,-37.7121988324871,-37.7085977089548,2325,2.09428594256654
Complex GMP-DOMP,440,440,0.0001,-37.9316433464325,-37.9102068511944,2325,6.7535582473704
Complex GMP-DOMP,440,440,1e-05,-38.0682427869591,-38.0361536232338,2325,25.7655183384418
Complex GMP-DOMP,450,450,0.001,-37.7139316079638,-37.7090024861273,2375,2.09330645490876
Complex GMP-DOMP,450,450,0.0001,-37.9334147965196,-37.9099244558104,2375,6.74567672193389
Complex GMP-DOMP,450,450,1e-05,-38.0706904052706,-38.0361555515788,2375,25.7439773139011
Complex GMP-DOMP,460,460,0.001,-37.7155538838153,-37.7101817848692,2425,2.09286118333249
Complex GMP-DOMP,460,460,0.0001,-37.9350524477807,-37.9115456446997,2425,6.74416004051813
Complex GMP-DOMP,460,460,1e-05,-38.0736434325761,-38.0377932155172,2425,25.7368431028243
Complex GMP-DOMP,470,470,0.001,-37.71710604594,-37.7109397676805,2476,2.09249263213454
Complex GMP-DOMP,470,470,0.0001,-37.9368563196406,-37.9121101932793,2476,6.7453074788207
Complex GMP-DOMP,470,470,1e-05,-38.0747014007388,-38.0373176933504,2476,25.737925963661
Complex GMP-DOMP,480,480,0.001,-37.7178227876149,-37.7117733508378,2526,2.09240657930797
Complex GMP-DOMP,480,480,0.0001,-37.9378751291202,-37.9123893916073,2526,6.74457694633391
Complex GMP-DOMP,480,480,1e-05,-38.0751000840485,-38.0367060736118,2526,25.7452235853148
Complex GMP-DOMP,490,490,0.001,-37.7213883794311,-37.7163639215264,2576,2.08800356553391
Complex GMP-DOMP,490,490,0.0001,-37.9410613324719,-37.9165904327203,2576,6.7610464111716
Complex GMP-DOMP,490,490,1e-05,-38.0776995497005,-38.0405411244345,2576,25.829602186353
Complex GMP-DOMP,500,500,0.001,-37.7231820429133,-37.7164366474259,2627,2.08755504021937
Complex GMP-DOMP,500,500,0.0001,-37.9432260673648,-37.9155103096888,2627,6.75976713991523
Complex GMP-DOMP,500,500,1e-05,-38.0799518832343,-38.0391304070897,2627,25.8282780322613
PN-IQ-GMP,20,20,0.001,-31.001605947363,-31.0329793834,87,3.1888280295495
PN-IQ-GMP,20,20,0.0001,-31.0016599289642,-31.0329988389602,87,3.20663016959804
PN-IQ-GMP,20,20,1e-05,-31.0016604752071,-31.0329958434856,87,3.20842190593438
PN-IQ-GMP,30,30,0.001,-34.2238790703617,-34.2961868002599,111,2.51396114224617
PN-IQ-GMP,30,30,0.0001,-34.223952603266,-34.2961115046427,111,2.52523816924735
PN-IQ-GMP,30,30,1e-05,-34.2239533500914,-34.2960971693286,111,2.52637628654679
PN-IQ-GMP,40,40,0.001,-36.292007785364,-36.350494049341,143,4.94216849524156
PN-IQ-GMP,40,40,0.0001,-36.2989580733395,-36.3552458325149,143,5.27921292409742
PN-IQ-GMP,40,40,1e-05,-36.2990393337454,-36.3550613629157,143,5.3159304877221
PN-IQ-GMP,50,50,0.001,-37.4440477717326,-37.4786408154082,175,3.43054015096573
PN-IQ-GMP,50,50,0.0001,-37.5363092469809,-37.5722042138473,175,9.8291852138534
PN-IQ-GMP,50,50,1e-05,-37.5656635627146,-37.6041706378697,175,15.1239528156633
PN-IQ-GMP,60,60,0.001,-38.0087670964031,-38.0500586245456,223,3.79758030702202
PN-IQ-GMP,60,60,0.0001,-38.1982686363729,-38.2432179254025,223,10.6981921785057
PN-IQ-GMP,60,60,1e-05,-38.2299029411578,-38.2733797201536,223,15.5605347990288
PN-IQ-GMP,70,70,0.001,-38.4455795676292,-38.456551854844,269,2.7408467108752
PN-IQ-GMP,70,70,0.0001,-38.5807595087011,-38.5938758996849,269,5.73898807746126
PN-IQ-GMP,70,70,1e-05,-38.6855680900549,-38.7001185719986,269,18.7465065180821
PN-IQ-GMP,80,80,0.001,-38.6255098814257,-38.6304904217802,295,3.54967439030069
PN-IQ-GMP,80,80,0.0001,-38.8391127276539,-38.8428088628657,295,7.95256408773876
PN-IQ-GMP,80,80,1e-05,-38.9423535839489,-38.9476197007915,295,17.2732147726404
PN-IQ-GMP,90,90,0.001,-38.7237801681859,-38.7207914830857,317,3.65129904659466
PN-IQ-GMP,90,90,0.0001,-38.9433585761385,-38.9385421353349,317,7.81419531328927
PN-IQ-GMP,90,90,1e-05,-39.0868486228783,-39.0827332053902,317,17.2851188717437
PN-IQ-GMP,100,100,0.001,-38.9778087523845,-38.9719496804132,345,4.05077411734595
PN-IQ-GMP,100,100,0.0001,-39.2297930606331,-39.2173177800978,345,7.34437751249558
PN-IQ-GMP,100,100,1e-05,-39.4178688750331,-39.4059154923015,345,17.2116127073916
PN-IQ-GMP,110,110,0.001,-39.1688133621988,-39.155633875872,382,4.00005019539615
PN-IQ-GMP,110,110,0.0001,-39.4293633605807,-39.4121622629036,382,7.27967615608651
PN-IQ-GMP,110,110,1e-05,-39.6267362386179,-39.6097358491147,382,17.1741276881346
PN-IQ-GMP,120,120,0.001,-39.3189655121107,-39.3117984050652,412,3.73030790040882
PN-IQ-GMP,120,120,0.0001,-39.5943452969238,-39.5932894143025,412,7.64545285794735
PN-IQ-GMP,120,120,1e-05,-39.8055239035426,-39.8070099312469,412,17.3129308467671
PN-IQ-GMP,130,130,0.001,-39.4085139244376,-39.3864247537251,443,3.66313309174316
PN-IQ-GMP,130,130,0.0001,-39.6875022683951,-39.6722530588917,443,7.70034459334828
PN-IQ-GMP,130,130,1e-05,-39.8963381296515,-39.890546104463,443,17.281999441787
PN-IQ-GMP,140,140,0.001,-39.5076102646937,-39.4896472702209,487,3.45292669122925
PN-IQ-GMP,140,140,0.0001,-39.776315091015,-39.7632292569018,487,7.27062275164663
PN-IQ-GMP,140,140,1e-05,-39.9893160302994,-39.984796850879,487,17.2887949482624
PN-IQ-GMP,150,150,0.001,-39.5906512298648,-39.5757297703657,517,3.13507863733883
PN-IQ-GMP,150,150,0.0001,-39.8614090013123,-39.8498469656364,517,7.48855810447531
PN-IQ-GMP,150,150,1e-05,-40.0898471322358,-40.0832521502732,517,17.3128693566587
PN-IQ-GMP,160,160,0.001,-39.6767077033051,-39.6700773196665,545,2.77717036768446
PN-IQ-GMP,160,160,0.0001,-39.9621974189622,-39.9614909341592,545,7.72466825337529
PN-IQ-GMP,160,160,1e-05,-40.1314171203984,-40.129945960823,545,17.2927230038229
PN-IQ-GMP,170,170,0.001,-39.7061321183111,-39.7022020569762,579,2.60648736692519
PN-IQ-GMP,170,170,0.0001,-40.0116494066467,-40.0143760478579,579,8.10386913338291
PN-IQ-GMP,170,170,1e-05,-40.1744288238603,-40.1758902343742,579,17.3197661027866
PN-IQ-GMP,180,180,0.001,-39.7298348895981,-39.7249166668721,608,2.61158548176096
PN-IQ-GMP,180,180,0.0001,-40.0409387398241,-40.041280394585,608,7.9820676492979
PN-IQ-GMP,180,180,1e-05,-40.2046994783024,-40.2026267133823,608,17.3387435496068
PN-IQ-GMP,190,190,0.001,-39.8111604010325,-39.8093717033681,635,1.96835578240812
PN-IQ-GMP,190,190,0.0001,-40.2641064995748,-40.2621730556749,635,7.14239447128725
PN-IQ-GMP,190,190,1e-05,-40.5127125865057,-40.5054983341211,635,17.2839527975538
PN-IQ-GMP,200,200,0.001,-39.8311512605464,-39.8314354275657,663,1.95507278908625
PN-IQ-GMP,200,200,0.0001,-40.2991215493485,-40.2959183365225,663,7.05606030150019
PN-IQ-GMP,200,200,1e-05,-40.5523133009822,-40.540007125287,663,17.280270288808
PN-IQ-GMP,210,210,0.001,-39.8949593464905,-39.8910371873791,703,1.90778271544294
PN-IQ-GMP,210,210,0.0001,-40.3962553430036,-40.3818529749585,703,7.062732064053
PN-IQ-GMP,210,210,1e-05,-40.653657920974,-40.6296219166951,703,16.9853120559381
PN-IQ-GMP,220,220,0.001,-39.9636192509033,-39.9559087728706,731,1.89908080612529
PN-IQ-GMP,220,220,0.0001,-40.4416319704029,-40.4206396068022,731,7.03808680422044
PN-IQ-GMP,220,220,1e-05,-40.6831723037527,-40.6531459713778,731,16.9868843694397
PN-IQ-GMP,230,230,0.001,-39.983674071894,-39.9752539473276,758,1.89479939687945
PN-IQ-GMP,230,230,0.0001,-40.4540968433185,-40.4316465136338,758,6.58140297484069
PN-IQ-GMP,230,230,1e-05,-40.7126038205576,-40.684153612975,758,17.0059916952858
PN-IQ-GMP,240,240,0.001,-39.9971262730505,-39.9876109739388,790,1.8805558446893
PN-IQ-GMP,240,240,0.0001,-40.4638049240786,-40.4375427286605,790,6.5049401487709
PN-IQ-GMP,240,240,1e-05,-40.7289479414937,-40.6958540421761,790,17.006290596552
PN-IQ-GMP,250,250,0.001,-40.002372229722,-39.9933278901713,825,1.88472439883821
PN-IQ-GMP,250,250,0.0001,-40.4753848285894,-40.4499654539661,825,6.68424318143024
PN-IQ-GMP,250,250,1e-05,-40.7493893651811,-40.7165923682545,825,17.003001540942
PN-IQ-GMP,260,260,0.001,-40.0082253224166,-39.9993514247121,853,1.8875143745482
PN-IQ-GMP,260,260,0.0001,-40.4822773587953,-40.4558211449122,853,6.45746179430015
PN-IQ-GMP,260,260,1e-05,-40.7677808321665,-40.7341390349066,853,17.0191620733494
PN-IQ-GMP,270,270,0.001,-40.0187562787996,-40.0056826964227,879,1.87733584269285
PN-IQ-GMP,270,270,0.0001,-40.4971753246364,-40.4647599502813,879,6.47140140426885
PN-IQ-GMP,270,270,1e-05,-40.7827505559206,-40.7416623424624,879,17.0233689151816
PN-IQ-GMP,280,280,0.001,-40.0324303934272,-40.0173755333033,909,1.90711159553272
PN-IQ-GMP,280,280,0.0001,-40.5053631581048,-40.4714611039509,909,6.45923221304689
PN-IQ-GMP,280,280,1e-05,-40.788913644779,-40.7470701965446,909,17.0278641954998
PN-IQ-GMP,290,290,0.001,-40.0406184414313,-40.0240319725453,933,1.90854730055777
PN-IQ-GMP,290,290,0.0001,-40.5142879639574,-40.4796095325899,933,6.4503002093226
PN-IQ-GMP,290,290,1e-05,-40.8023821082356,-40.7593238608958,933,17.0287660468876
PN-IQ-GMP,300,300,0.001,-40.0610117239066,-40.0458230555318,966,1.90455407669982
PN-IQ-GMP,300,300,0.0001,-40.5370044574395,-40.5049116776702,966,6.47724930507997
PN-IQ-GMP,300,300,1e-05,-40.827718767276,-40.7868627620758,966,17.0242790336905
PN-IQ-GMP,310,310,0.001,-40.0698931341323,-40.0486543242178,1003,1.92878619654016
PN-IQ-GMP,310,310,0.0001,-40.547711311299,-40.5096295683504,1003,6.49232537086086
PN-IQ-GMP,310,310,1e-05,-40.8385891384255,-40.7917963932344,1003,16.98892032138
PN-IQ-GMP,320,320,0.001,-40.0826940249443,-40.0606151528627,1038,1.83577323534248
PN-IQ-GMP,320,320,0.0001,-40.5525703514266,-40.5130180301714,1038,6.19856429682804
PN-IQ-GMP,320,320,1e-05,-40.8599306397434,-40.8147991312584,1038,16.9832629759532
PN-IQ-GMP,330,330,0.001,-40.118663210321,-40.0963625858959,1065,1.80792200117529
PN-IQ-GMP,330,330,0.0001,-40.5845245150707,-40.5457739399721,1065,5.0250741237505
PN-IQ-GMP,330,330,1e-05,-40.8700524660658,-40.8253558336727,1065,16.9889546698662
PN-IQ-GMP,340,340,0.001,-40.1215222744613,-40.1001229358007,1095,1.80732907454425
PN-IQ-GMP,340,340,0.0001,-40.6127243782915,-40.5767986851415,1095,5.11078071753678
PN-IQ-GMP,340,340,1e-05,-40.8821277888825,-40.8399928139464,1095,16.987631981317
PN-IQ-GMP,350,350,0.001,-40.1271515393533,-40.1064861621759,1121,1.8069798684423
PN-IQ-GMP,350,350,0.0001,-40.6149214415271,-40.5798703887875,1121,5.15726389822828
PN-IQ-GMP,350,350,1e-05,-40.8963281600285,-40.8525076247185,1121,16.989394994989
PN-IQ-GMP,360,360,0.001,-40.1302418599234,-40.1092786278136,1150,1.80751531134685
PN-IQ-GMP,360,360,0.0001,-40.619767131038,-40.5839224321835,1150,5.16827030340629
PN-IQ-GMP,360,360,1e-05,-40.9048637211717,-40.8585645424136,1150,16.9975453366955
PN-IQ-GMP,370,370,0.001,-40.1318901143402,-40.1090236748265,1180,1.8074515565288
PN-IQ-GMP,370,370,0.0001,-40.6278879345161,-40.5903035663951,1180,5.17134728292752
PN-IQ-GMP,370,370,1e-05,-40.9177021194171,-40.8691792062982,1180,16.9370927727295
PN-IQ-GMP,380,380,0.001,-40.145063406503,-40.1243354154508,1211,1.80939794710154
PN-IQ-GMP,380,380,0.0001,-40.6389831400906,-40.6022067682851,1211,5.05492393936332
PN-IQ-GMP,380,380,1e-05,-40.9215307112844,-40.8725886629437,1211,16.9162508726948
PN-IQ-GMP,390,390,0.001,-40.1513355950502,-40.1301211094269,1241,1.80812116582606
PN-IQ-GMP,390,390,0.0001,-40.6483590479769,-40.6095159697579,1241,5.08813902660095
PN-IQ-GMP,390,390,1e-05,-40.9266333374667,-40.8758641009564,1241,16.9041623375377
PN-IQ-GMP,400,400,0.001,-40.1607661317579,-40.1398922903941,1271,1.80859610160528
PN-IQ-GMP,400,400,0.0001,-40.6645411083076,-40.6247760355818,1271,5.04172086624672
PN-IQ-GMP,400,400,1e-05,-40.9313074821266,-40.8809994958134,1271,16.9039628579035
PN-IQ-GMP,410,410,0.001,-40.1630439698015,-40.1418428502786,1302,1.80901942347445
PN-IQ-GMP,410,410,0.0001,-40.669113645994,-40.628933273839,1302,4.98890951815881
PN-IQ-GMP,410,410,1e-05,-40.9353841295363,-40.8844763254468,1302,16.9068020452253
PN-IQ-GMP,420,420,0.001,-40.1667759957909,-40.1430118146625,1332,1.80864450494593
PN-IQ-GMP,420,420,0.0001,-40.6749853014381,-40.6307351448095,1332,4.99557013478907
PN-IQ-GMP,420,420,1e-05,-40.9417275981122,-40.8860848291261,1332,16.8972382661314
PN-IQ-GMP,430,430,0.001,-40.1723294314788,-40.1448438785488,1364,1.80924510615872
PN-IQ-GMP,430,430,0.0001,-40.6792930713125,-40.6313310513226,1364,4.9979565931222
PN-IQ-GMP,430,430,1e-05,-40.9462108526472,-40.8869567982315,1364,16.9076732930107
PN-IQ-GMP,440,440,0.001,-40.1758021476457,-40.1463688776428,1386,1.80933972627367
PN-IQ-GMP,440,440,0.0001,-40.6844317282729,-40.6347262498788,1386,5.00031000451848
PN-IQ-GMP,440,440,1e-05,-40.9514141026625,-40.8904966770283,1386,16.8889707088203
PN-IQ-GMP,450,450,0.001,-40.1781055569289,-40.1482303655087,1408,1.8093956859304
PN-IQ-GMP,450,450,0.0001,-40.6889854072682,-40.6381031245493,1408,4.99878980929508
PN-IQ-GMP,450,450,1e-05,-40.9573599547896,-40.8945612364709,1408,16.883212193321
PN-IQ-GMP,460,460,0.001,-40.1834489484622,-40.1521469227741,1434,1.80918849343401
PN-IQ-GMP,460,460,0.0001,-40.6940753589579,-40.6417567566831,1434,4.99925149467095
PN-IQ-GMP,460,460,1e-05,-40.9650542485943,-40.9004852086011,1434,16.8704533374361
PN-IQ-GMP,470,470,0.001,-40.1855848342182,-40.1532695633027,1464,1.80895387255166
PN-IQ-GMP,470,470,0.0001,-40.698212542135,-40.6437607266786,1464,4.99203218077118
PN-IQ-GMP,470,470,1e-05,-40.971054716811,-40.9037347161834,1464,16.8710909934875
PN-IQ-GMP,480,480,0.001,-40.188282476768,-40.156096826497,1490,1.80895456549853
PN-IQ-GMP,480,480,0.0001,-40.7010135996553,-40.6450782854862,1490,4.98879378500439
PN-IQ-GMP,480,480,1e-05,-40.9747388692812,-40.9057381404153,1490,16.8793140232631
PN-IQ-GMP,490,490,0.001,-40.2027836618273,-40.1665876100642,1510,1.80903205292726
PN-IQ-GMP,490,490,0.0001,-40.7015404943458,-40.6449745744169,1510,4.98712363869287
PN-IQ-GMP,490,490,1e-05,-40.9937225402051,-40.9266839988162,1510,16.9969184899833
PN-IQ-GMP,500,500,0.001,-40.2066579911185,-40.1701437944954,1536,1.80906025113455
PN-IQ-GMP,500,500,0.0001,-40.7107647477514,-40.6527066330757,1536,4.98807133702745
PN-IQ-GMP,500,500,1e-05,-41.0140209204596,-40.9437978999602,1536,17.0387447240851
