StabilizationWindowParameters,StabilizationToleranceDb,HasJointlyStabilizedPoint,SelectedParameters,SelectedComplexGMPFutureGainDb,SelectedPNIQFutureGainDb,SelectedPNNNFutureGainDb,SelectedWorstFutureGainDb
80,0.15,1,370,0.00199837463475205,0.143319905591753,0.0359594332420841,0.143319905591753
80,0.2,1,340,0.0112139205730699,0.18733732656122,0.0744051963698595,0.18733732656122
80,0.25,1,330,0.00994784080149458,0.209430329949697,0.0949656864469688,0.209430329949697
100,0.15,1,380,0.000709781308962931,0.145712536001071,0.106382361269361,0.145712536001071
100,0.2,1,340,0.0112139205730699,0.195228033801165,0.0771776318507733,0.195228033801165
100,0.25,1,330,0.00994784080149458,0.215451548901896,0.0977381219278826,0.215451548901896
120,0.15,0,NaN,NaN,NaN,NaN,NaN
120,0.2,1,350,0.00959178031505559,0.187880034808913,0.153266736000639,0.187880034808913
120,0.25,1,330,0.00994784080149458,0.227797866115367,0.0977381219278826,0.227797866115367
