ActualRealParameters,WindowUpperParameters,HasFullWindow,ComplexGMPFutureGainDb,PNIQFutureGainDb,PNNNFutureGainDb,WorstFutureGainDb,JointlyStabilized,Selected,ComplexGMPFLOPs,PNIQFLOPs,PNNNFLOPs
20,120,1,5.22119247373929,10.1214900934017,26.6411469803894,26.6411469803894,0,0,97,87,200
30,130,1,2.98216759856131,6.97658182432394,17.3876235183663,17.3876235183663,0,0,150,111,220
40,140,1,2.25505023031712,5.04491448949008,11.127143224919,11.127143224919,0,0,209,143,240
50,150,1,1.65166224154929,3.92568889132215,8.89107218196653,8.89107218196653,0,0,257,175,260
60,160,1,0.965229393129071,3.33760705056749,8.74828103678249,8.74828103678249,0,0,305,223,280
70,170,1,0.662196905153969,2.93634010257545,9.1216041357493,9.1216041357493,0,0,362,269,300
80,180,1,0.533451095669236,2.1877803894119,8.93015320385299,8.93015320385299,0,0,417,295,320
90,190,1,0.474874007639748,1.95680636992689,8.02978888417693,8.02978888417693,0,0,476,317,340
100,200,1,0.429513263331906,1.58538762031023,4.52269179185313,4.52269179185313,0,0,526,345,360
110,210,1,0.409779243114151,1.44660058754816,3.98495657585085,3.98495657585085,0,0,583,382,380
120,220,1,0.340466469127485,1.21916968794899,3.85602272357637,3.85602272357637,0,0,643,412,400
130,230,1,0.326480910027406,1.17724230118576,4.02912647733381,4.02912647733381,0,0,695,443,420
140,240,1,0.315949002055888,1.0723806511927,4.13366112203835,4.13366112203835,0,0,752,487,440
150,250,1,0.285330897246219,0.971344949586303,4.10404304376453,4.10404304376453,0,0,802,517,460
160,260,1,0.155415088707976,0.930003449372506,3.99077082332516,3.99077082332516,0,0,852,545,480
170,270,1,0.115483198587,0.888681449476692,3.84167251121715,3.84167251121715,0,0,909,579,500
180,280,1,0.0767420554174834,0.875974329032488,1.85856533176552,1.85856533176552,0,0,959,608,520
190,290,1,0.0745919129230543,0.447040976247052,1.87820309434814,1.87820309434814,0,0,1025,635,540
200,300,1,0.06806287369497,0.440932393326797,2.04939262248379,2.04939262248379,0,0,1079,663,560
210,310,1,0.051364687352546,0.311229666130757,1.73723119815438,1.73723119815438,0,0,1131,703,580
220,320,1,0.0486318092781488,0.30961956051064,1.5797169961817,1.5797169961817,0,0,1190,731,600
230,330,1,0.0287438062906773,0.263981266803519,1.36651041668717,1.36651041668717,0,0,1240,758,620
240,340,1,0.0238935968793683,0.267844311919923,1.10479384319419,1.10479384319419,0,0,1290,790,640
250,350,1,0.0179955074757672,0.265671657047243,1.0748854178924,1.0748854178924,0,0,1342,825,660
260,360,1,0.013072112240998,0.234796110678218,1.08818044025539,1.08818044025539,0,0,1392,853,680
270,370,1,0.016414282463785,0.241744538096256,0.737183958850913,0.737183958850913,0,0,1442,879,700
280,380,1,0.0173165327346823,0.241458009552666,0.717540166086991,0.717540166086991,0,0,1493,909,720
290,390,1,0.0131226430977804,0.251829516365866,0.705587136589266,0.705587136589266,0,0,1543,933,740
300,400,1,0.00998557735159267,0.278452346077806,0.36628915367465,0.36628915367465,0,0,1593,966,760
310,410,1,0.00902685759161415,0.276646463603981,0.335604672970973,0.335604672970973,0,0,1643,1003,780
320,420,1,0.00901929731285378,0.244234070105932,0.293111205805154,0.293111205805154,0,0,1700,1038,800
330,430,1,0.00994784080149458,0.215451548901896,0.0977381219278826,0.215451548901896,0,0,1752,1065,820
340,440,1,0.0112139205730699,0.195228033801165,0.0771776318507733,0.195228033801165,1,1,1807,1095,840
350,450,1,0.00959178031505559,0.173537476589587,0.0793562585730925,0.173537476589587,1,0,1862,1121,860
360,460,1,0.00844073292773828,0.174805440189267,0.0489581243987445,0.174805440189267,1,0,1912,1150,880
370,470,1,0.00199837463475205,0.157662463811079,0.10986991066963,0.157662463811079,1,0,1962,1180,900
380,480,1,0.000709781308962931,0.145712536001071,0.106382361269361,0.145712536001071,1,0,2016,1211,920
390,490,1,0.000976878853421681,0.174142546868374,0.130890430401337,0.174142546868374,1,0,2066,1241,940
400,500,1,0,0.14689968494951,0.139493475107578,0.14689968494951,1,0,2120,1271,960
410,NaN,0,NaN,NaN,NaN,NaN,0,0,2172,1302,980
420,NaN,0,NaN,NaN,NaN,NaN,0,0,2225,1332,1000
430,NaN,0,NaN,NaN,NaN,NaN,0,0,2275,1364,1020
440,NaN,0,NaN,NaN,NaN,NaN,0,0,2325,1386,1040
450,NaN,0,NaN,NaN,NaN,NaN,0,0,2375,1408,1060
460,NaN,0,NaN,NaN,NaN,NaN,0,0,2425,1434,1080
470,NaN,0,NaN,NaN,NaN,NaN,0,0,2476,1464,1100
480,NaN,0,NaN,NaN,NaN,NaN,0,0,2526,1490,1120
490,NaN,0,NaN,NaN,NaN,NaN,0,0,2576,1510,1140
500,NaN,0,NaN,NaN,NaN,NaN,0,0,2627,1536,1160
