Family,Variant,UsesFixedRidge,Lambda,TargetRealParameters,ActualRealParameters,InternalValidationNMSEdB,IdentificationNMSEdB,FullSignalNMSEdB,FLOPsPerSample,ActiveWeights,ActiveBiases,WeightSparsityPercent,FineTuneEpochs,MaxAbsRealParameter
Complex GMP-DOMP,Principal / lambda=0,0,0,340,340,NaN,-38.9034412506073,-38.8599830566613,1807,340,0,NaN,NaN,79324.6642159769
Complex GMP-DOMP,Fixed Ridge,1,0.001,340,340,NaN,-37.6862034701109,-37.6956442867436,1807,340,0,NaN,NaN,2.09875905375139
Complex GMP-DOMP,Fixed Ridge,1,0.0001,340,340,NaN,-37.9130600503092,-37.9072898033849,1807,340,0,NaN,NaN,6.74603169974849
Complex GMP-DOMP,Fixed Ridge,1,1e-05,340,340,NaN,-38.0489421723782,-38.0340348162101,1807,340,0,NaN,NaN,25.7537622654397
PN-IQ-GMP,Principal / lambda=0,0,0,340,340,NaN,-42.7930686578405,-42.7401715398804,1095,340,0,NaN,NaN,75139.295868036
PN-IQ-GMP,Fixed Ridge,1,0.001,340,340,NaN,-40.1215222744613,-40.1001229358007,1095,340,0,NaN,NaN,1.80732907454425
PN-IQ-GMP,Fixed Ridge,1,0.0001,340,340,NaN,-40.6127243782915,-40.5767986851415,1095,340,0,NaN,NaN,5.11078071753678
PN-IQ-GMP,Fixed Ridge,1,1e-05,340,340,NaN,-40.8821277888825,-40.8399928139464,1095,340,0,NaN,NaN,16.987631981317
PNNN,Principal,0,NaN,340,340,NaN,-39.2934083393179,-39.2429635431325,840,326,14,68.4108527131783,164,2.17243194580078
